record_id,dataset_id,source_id,asset_id,gene_id_raw,gene_id,gene_id_namespace,gene_id_version,sample_id,source_sample_alias,measurement_type,value_semantics,value_scale,is_normalized,is_integer_expected,expression_value,expression_unit,source_logical_file,source_line_number,source_column_index,source_column_name,source_raw_value
rec_a9fa018a199838dd435fff53abff7915,ds_geo_gse178352,src_ac3f65715090fc35dff94baae79981fb,asset_15c664563f87edc4eab94be3e21b6e763686d9ff379a24e8bbbf3c5568bbc9e2,ENSG00000000003,ENSG00000000003,ensembl_gene,,GSM5388270,A1,tximport_estimated_count,estimated_count,linear,false,false,0,estimated_count,GSE178352_tximportCounts.txt,2,13,counts.A1,0
rec_22939e130085fc66f875a2adc44ce7ed,ds_geo_gse178352,src_ac3f65715090fc35dff94baae79981fb,asset_15c664563f87edc4eab94be3e21b6e763686d9ff379a24e8bbbf3c5568bbc9e2,ENSG00000000003,ENSG00000000003,ensembl_gene,,GSM5388271,A2,tximport_estimated_count,estimated_count,linear,false,false,3.94,estimated_count,GSE178352_tximportCounts.txt,2,14,counts.A2,3.94
rec_3b0954f5a2eb1127701ba75d56521cf1,ds_geo_gse178352,src_ac3f65715090fc35dff94baae79981fb,asset_15c664563f87edc4eab94be3e21b6e763686d9ff379a24e8bbbf3c5568bbc9e2,ENSG00000000003,ENSG00000000003,ensembl_gene,,GSM5388273,A4,tximport_estimated_count,estimated_count,linear,false,false,1,estimated_count,GSE178352_tximportCounts.txt,2,15,counts.A4,1
rec_47cb7a4d470570dc221d72249a4c9d7b,ds_geo_gse178352,src_ac3f65715090fc35dff94baae79981fb,asset_15c664563f87edc4eab94be3e21b6e763686d9ff379a24e8bbbf3c5568bbc9e2,ENSG00000000003,ENSG00000000003,ensembl_gene,,GSM5388274,A5,tximport_estimated_count,estimated_count,linear,false,false,10,estimated_count,GSE178352_tximportCounts.txt,2,16,counts.A5,10
rec_3768173d77c64e832f8dc95429474f2c,ds_geo_gse178352,src_ac3f65715090fc35dff94baae79981fb,asset_15c664563f87edc4eab94be3e21b6e763686d9ff379a24e8bbbf3c5568bbc9e2,ENSG00000000003,ENSG00000000003,ensembl_gene,,GSM5388275,A6,tximport_estimated_count,estimated_count,linear,false,false,5,estimated_count,GSE178352_tximportCounts.txt,2,17,counts.A6,5
rec_45d5d355792253835fe599cd062e3ea3,ds_geo_gse178352,src_ac3f65715090fc35dff94baae79981fb,asset_15c664563f87edc4eab94be3e21b6e763686d9ff379a24e8bbbf3c5568bbc9e2,ENSG00000000003,ENSG00000000003,ensembl_gene,,GSM5388272,A7,tximport_estimated_count,estimated_count,linear,false,false,8,estimated_count,GSE178352_tximportCounts.txt,2,18,counts.A7,8
rec_add13e302befe00c399c2bd98827cdba,ds_geo_gse178352,src_ac3f65715090fc35dff94baae79981fb,asset_15c664563f87edc4eab94be3e21b6e763686d9ff379a24e8bbbf3c5568bbc9e2,ENSG00000000003,ENSG00000000003,ensembl_gene,,GSM5388276,B1,tximport_estimated_count,estimated_count,linear,false,false,1235,estimated_count,GSE178352_tximportCounts.txt,2,19,counts.B1,1235
rec_01f285adbaa1df6f250212bdf461bc1c,ds_geo_gse178352,src_ac3f65715090fc35dff94baae79981fb,asset_15c664563f87edc4eab94be3e21b6e763686d9ff379a24e8bbbf3c5568bbc9e2,ENSG00000000003,ENSG00000000003,ensembl_gene,,GSM5388277,B2,tximport_estimated_count,estimated_count,linear,false,false,1175,estimated_count,GSE178352_tximportCounts.txt,2,20,counts.B2,1175
rec_cda9473e25c38bb3ab6b985bf52181c8,ds_geo_gse178352,src_ac3f65715090fc35dff94baae79981fb,asset_15c664563f87edc4eab94be3e21b6e763686d9ff379a24e8bbbf3c5568bbc9e2,ENSG00000000003,ENSG00000000003,ensembl_gene,,GSM5388278,B3,tximport_estimated_count,estimated_count,linear,false,false,1137.032,estimated_count,GSE178352_tximportCounts.txt,2,21,counts.B3,1137.032
rec_3efa00ae759ccdda34d1e92c5504cefc,ds_geo_gse178352,src_ac3f65715090fc35dff94baae79981fb,asset_15c664563f87edc4eab94be3e21b6e763686d9ff379a24e8bbbf3c5568bbc9e2,ENSG00000000003,ENSG00000000003,ensembl_gene,,GSM5388279,B4,tximport_estimated_count,estimated_count,linear,false,false,7.973,estimated_count,GSE178352_tximportCounts.txt,2,22,counts.B4,7.973
rec_f8194d49d68d60f90808427684be42b1,ds_geo_gse178352,src_ac3f65715090fc35dff94baae79981fb,asset_15c664563f87edc4eab94be3e21b6e763686d9ff379a24e8bbbf3c5568bbc9e2,ENSG00000000003,ENSG00000000003,ensembl_gene,,GSM5388280,B5,tximport_estimated_count,estimated_count,linear,false,false,709.001,estimated_count,GSE178352_tximportCounts.txt,2,23,counts.B5,709.001
rec_b275bb15532889f9ebc3319be3886b87,ds_geo_gse178352,src_ac3f65715090fc35dff94baae79981fb,asset_15c664563f87edc4eab94be3e21b6e763686d9ff379a24e8bbbf3c5568bbc9e2,ENSG00000000003,ENSG00000000003,ensembl_gene,,GSM5388281,B7,tximport_estimated_count,estimated_count,linear,false,false,753,estimated_count,GSE178352_tximportCounts.txt,2,24,counts.B7,753
rec_f7c76f710cb8763a1294a30cac4b74fc,ds_geo_gse178352,src_ac3f65715090fc35dff94baae79981fb,asset_15c664563f87edc4eab94be3e21b6e763686d9ff379a24e8bbbf3c5568bbc9e2,ENSG00000000005,ENSG00000000005,ensembl_gene,,GSM5388270,A1,tximport_estimated_count,estimated_count,linear,false,false,0,estimated_count,GSE178352_tximportCounts.txt,3,13,counts.A1,0
rec_c8a56ffd3df7030832e7b3422e3e3016,ds_geo_gse178352,src_ac3f65715090fc35dff94baae79981fb,asset_15c664563f87edc4eab94be3e21b6e763686d9ff379a24e8bbbf3c5568bbc9e2,ENSG00000000005,ENSG00000000005,ensembl_gene,,GSM5388271,A2,tximport_estimated_count,estimated_count,linear,false,false,0,estimated_count,GSE178352_tximportCounts.txt,3,14,counts.A2,0
rec_6d7996af66715aa5073b7346f42fd69b,ds_geo_gse178352,src_ac3f65715090fc35dff94baae79981fb,asset_15c664563f87edc4eab94be3e21b6e763686d9ff379a24e8bbbf3c5568bbc9e2,ENSG00000000005,ENSG00000000005,ensembl_gene,,GSM5388273,A4,tximport_estimated_count,estimated_count,linear,false,false,0,estimated_count,GSE178352_tximportCounts.txt,3,15,counts.A4,0
rec_69fdc226dbe5977b0f38db4a032d83e6,ds_geo_gse178352,src_ac3f65715090fc35dff94baae79981fb,asset_15c664563f87edc4eab94be3e21b6e763686d9ff379a24e8bbbf3c5568bbc9e2,ENSG00000000005,ENSG00000000005,ensembl_gene,,GSM5388274,A5,tximport_estimated_count,estimated_count,linear,false,false,0,estimated_count,GSE178352_tximportCounts.txt,3,16,counts.A5,0
rec_7d30829c8b6eb12082c04dd404a7ec16,ds_geo_gse178352,src_ac3f65715090fc35dff94baae79981fb,asset_15c664563f87edc4eab94be3e21b6e763686d9ff379a24e8bbbf3c5568bbc9e2,ENSG00000000005,ENSG00000000005,ensembl_gene,,GSM5388275,A6,tximport_estimated_count,estimated_count,linear,false,false,0,estimated_count,GSE178352_tximportCounts.txt,3,17,counts.A6,0
rec_163bd3463bf27ac30273955073ee5ba9,ds_geo_gse178352,src_ac3f65715090fc35dff94baae79981fb,asset_15c664563f87edc4eab94be3e21b6e763686d9ff379a24e8bbbf3c5568bbc9e2,ENSG00000000005,ENSG00000000005,ensembl_gene,,GSM5388272,A7,tximport_estimated_count,estimated_count,linear,false,false,0,estimated_count,GSE178352_tximportCounts.txt,3,18,counts.A7,0
rec_4d72b247b6a5d1829c288e5554e187bc,ds_geo_gse178352,src_ac3f65715090fc35dff94baae79981fb,asset_15c664563f87edc4eab94be3e21b6e763686d9ff379a24e8bbbf3c5568bbc9e2,ENSG00000000005,ENSG00000000005,ensembl_gene,,GSM5388276,B1,tximport_estimated_count,estimated_count,linear,false,false,0,estimated_count,GSE178352_tximportCounts.txt,3,19,counts.B1,0
rec_583823927d41082bca0f818f165fdced,ds_geo_gse178352,src_ac3f65715090fc35dff94baae79981fb,asset_15c664563f87edc4eab94be3e21b6e763686d9ff379a24e8bbbf3c5568bbc9e2,ENSG00000000005,ENSG00000000005,ensembl_gene,,GSM5388277,B2,tximport_estimated_count,estimated_count,linear,false,false,0,estimated_count,GSE178352_tximportCounts.txt,3,20,counts.B2,0
rec_a6454885be6828a0bf7ea2c005fbe899,ds_geo_gse178352,src_ac3f65715090fc35dff94baae79981fb,asset_15c664563f87edc4eab94be3e21b6e763686d9ff379a24e8bbbf3c5568bbc9e2,ENSG00000000005,ENSG00000000005,ensembl_gene,,GSM5388278,B3,tximport_estimated_count,estimated_count,linear,false,false,0,estimated_count,GSE178352_tximportCounts.txt,3,21,counts.B3,0
rec_4e09ad39851afac4ab9edc04db00d7c3,ds_geo_gse178352,src_ac3f65715090fc35dff94baae79981fb,asset_15c664563f87edc4eab94be3e21b6e763686d9ff379a24e8bbbf3c5568bbc9e2,ENSG00000000005,ENSG00000000005,ensembl_gene,,GSM5388279,B4,tximport_estimated_count,estimated_count,linear,false,false,0,estimated_count,GSE178352_tximportCounts.txt,3,22,counts.B4,0
rec_0c9a9c42d31866650dedb9675bb6a89d,ds_geo_gse178352,src_ac3f65715090fc35dff94baae79981fb,asset_15c664563f87edc4eab94be3e21b6e763686d9ff379a24e8bbbf3c5568bbc9e2,ENSG00000000005,ENSG00000000005,ensembl_gene,,GSM5388280,B5,tximport_estimated_count,estimated_count,linear,false,false,0,estimated_count,GSE178352_tximportCounts.txt,3,23,counts.B5,0
rec_4f2e52ea6cc5fc2e6669822a47e3bb8e,ds_geo_gse178352,src_ac3f65715090fc35dff94baae79981fb,asset_15c664563f87edc4eab94be3e21b6e763686d9ff379a24e8bbbf3c5568bbc9e2,ENSG00000000005,ENSG00000000005,ensembl_gene,,GSM5388281,B7,tximport_estimated_count,estimated_count,linear,false,false,0,estimated_count,GSE178352_tximportCounts.txt,3,24,counts.B7,0
rec_c62a721a79cde41a2fa0b0caf54c79f3,ds_geo_gse178352,src_ac3f65715090fc35dff94baae79981fb,asset_15c664563f87edc4eab94be3e21b6e763686d9ff379a24e8bbbf3c5568bbc9e2,ENSG00000000419,ENSG00000000419,ensembl_gene,,GSM5388270,A1,tximport_estimated_count,estimated_count,linear,false,false,1264,estimated_count,GSE178352_tximportCounts.txt,4,13,counts.A1,1264
rec_ee0abbf68283ce6fafadc5ffcdcd1031,ds_geo_gse178352,src_ac3f65715090fc35dff94baae79981fb,asset_15c664563f87edc4eab94be3e21b6e763686d9ff379a24e8bbbf3c5568bbc9e2,ENSG00000000419,ENSG00000000419,ensembl_gene,,GSM5388271,A2,tximport_estimated_count,estimated_count,linear,false,false,1531.001,estimated_count,GSE178352_tximportCounts.txt,4,14,counts.A2,1531.001
rec_c64ade4ff2a4b45b30a0feffa7760fee,ds_geo_gse178352,src_ac3f65715090fc35dff94baae79981fb,asset_15c664563f87edc4eab94be3e21b6e763686d9ff379a24e8bbbf3c5568bbc9e2,ENSG00000000419,ENSG00000000419,ensembl_gene,,GSM5388273,A4,tximport_estimated_count,estimated_count,linear,false,false,1369,estimated_count,GSE178352_tximportCounts.txt,4,15,counts.A4,1369
rec_b4c7e4a9223de1cd414e533d790a232e,ds_geo_gse178352,src_ac3f65715090fc35dff94baae79981fb,asset_15c664563f87edc4eab94be3e21b6e763686d9ff379a24e8bbbf3c5568bbc9e2,ENSG00000000419,ENSG00000000419,ensembl_gene,,GSM5388274,A5,tximport_estimated_count,estimated_count,linear,false,false,1574,estimated_count,GSE178352_tximportCounts.txt,4,16,counts.A5,1574
rec_def1f0ace666041455de2d5349ab3d5d,ds_geo_gse178352,src_ac3f65715090fc35dff94baae79981fb,asset_15c664563f87edc4eab94be3e21b6e763686d9ff379a24e8bbbf3c5568bbc9e2,ENSG00000000419,ENSG00000000419,ensembl_gene,,GSM5388275,A6,tximport_estimated_count,estimated_count,linear,false,false,1235.001,estimated_count,GSE178352_tximportCounts.txt,4,17,counts.A6,1235.001
rec_53df3e2845622b9bd4f9f5f8b85d7d1c,ds_geo_gse178352,src_ac3f65715090fc35dff94baae79981fb,asset_15c664563f87edc4eab94be3e21b6e763686d9ff379a24e8bbbf3c5568bbc9e2,ENSG00000000419,ENSG00000000419,ensembl_gene,,GSM5388272,A7,tximport_estimated_count,estimated_count,linear,false,false,1490,estimated_count,GSE178352_tximportCounts.txt,4,18,counts.A7,1490
rec_409db50c7d5f7073716e5f601acd5f56,ds_geo_gse178352,src_ac3f65715090fc35dff94baae79981fb,asset_15c664563f87edc4eab94be3e21b6e763686d9ff379a24e8bbbf3c5568bbc9e2,ENSG00000000419,ENSG00000000419,ensembl_gene,,GSM5388276,B1,tximport_estimated_count,estimated_count,linear,false,false,1824.001,estimated_count,GSE178352_tximportCounts.txt,4,19,counts.B1,1824.001
rec_5227d7824d02383c194cdf64affaf46a,ds_geo_gse178352,src_ac3f65715090fc35dff94baae79981fb,asset_15c664563f87edc4eab94be3e21b6e763686d9ff379a24e8bbbf3c5568bbc9e2,ENSG00000000419,ENSG00000000419,ensembl_gene,,GSM5388277,B2,tximport_estimated_count,estimated_count,linear,false,false,1772,estimated_count,GSE178352_tximportCounts.txt,4,20,counts.B2,1772
rec_5b0fc3ead300a69ed1cb885ddb21242a,ds_geo_gse178352,src_ac3f65715090fc35dff94baae79981fb,asset_15c664563f87edc4eab94be3e21b6e763686d9ff379a24e8bbbf3c5568bbc9e2,ENSG00000000419,ENSG00000000419,ensembl_gene,,GSM5388278,B3,tximport_estimated_count,estimated_count,linear,false,false,1579.524,estimated_count,GSE178352_tximportCounts.txt,4,21,counts.B3,1579.524
rec_8c7be032f72e0b22b5ae6856198e8708,ds_geo_gse178352,src_ac3f65715090fc35dff94baae79981fb,asset_15c664563f87edc4eab94be3e21b6e763686d9ff379a24e8bbbf3c5568bbc9e2,ENSG00000000419,ENSG00000000419,ensembl_gene,,GSM5388279,B4,tximport_estimated_count,estimated_count,linear,false,false,1555.014,estimated_count,GSE178352_tximportCounts.txt,4,22,counts.B4,1555.014
rec_ebfe3748e2652638db37f42a6bc8f3c8,ds_geo_gse178352,src_ac3f65715090fc35dff94baae79981fb,asset_15c664563f87edc4eab94be3e21b6e763686d9ff379a24e8bbbf3c5568bbc9e2,ENSG00000000419,ENSG00000000419,ensembl_gene,,GSM5388280,B5,tximport_estimated_count,estimated_count,linear,false,false,1746.999,estimated_count,GSE178352_tximportCounts.txt,4,23,counts.B5,1746.999
rec_81eaf61445f053f1a39ae1375be75f71,ds_geo_gse178352,src_ac3f65715090fc35dff94baae79981fb,asset_15c664563f87edc4eab94be3e21b6e763686d9ff379a24e8bbbf3c5568bbc9e2,ENSG00000000419,ENSG00000000419,ensembl_gene,,GSM5388281,B7,tximport_estimated_count,estimated_count,linear,false,false,1981,estimated_count,GSE178352_tximportCounts.txt,4,24,counts.B7,1981
rec_4f3ba05b3c2b507cc8d269360e0c7406,ds_geo_gse178352,src_ac3f65715090fc35dff94baae79981fb,asset_15c664563f87edc4eab94be3e21b6e763686d9ff379a24e8bbbf3c5568bbc9e2,ENSG00000000457,ENSG00000000457,ensembl_gene,,GSM5388270,A1,tximport_estimated_count,estimated_count,linear,false,false,1662.807,estimated_count,GSE178352_tximportCounts.txt,5,13,counts.A1,1662.807
rec_1d0d7db19cb2790b5406a85382b73539,ds_geo_gse178352,src_ac3f65715090fc35dff94baae79981fb,asset_15c664563f87edc4eab94be3e21b6e763686d9ff379a24e8bbbf3c5568bbc9e2,ENSG00000000457,ENSG00000000457,ensembl_gene,,GSM5388271,A2,tximport_estimated_count,estimated_count,linear,false,false,1748.366,estimated_count,GSE178352_tximportCounts.txt,5,14,counts.A2,1748.366
rec_8116d095fe93272521484d4e33c2564a,ds_geo_gse178352,src_ac3f65715090fc35dff94baae79981fb,asset_15c664563f87edc4eab94be3e21b6e763686d9ff379a24e8bbbf3c5568bbc9e2,ENSG00000000457,ENSG00000000457,ensembl_gene,,GSM5388273,A4,tximport_estimated_count,estimated_count,linear,false,false,2072.436,estimated_count,GSE178352_tximportCounts.txt,5,15,counts.A4,2072.436
rec_3cbb8e7aebd5d762996f36d64b6fe95e,ds_geo_gse178352,src_ac3f65715090fc35dff94baae79981fb,asset_15c664563f87edc4eab94be3e21b6e763686d9ff379a24e8bbbf3c5568bbc9e2,ENSG00000000457,ENSG00000000457,ensembl_gene,,GSM5388274,A5,tximport_estimated_count,estimated_count,linear,false,false,2219.019,estimated_count,GSE178352_tximportCounts.txt,5,16,counts.A5,2219.019
rec_fb00379dd383b3f16968132fa7c2423e,ds_geo_gse178352,src_ac3f65715090fc35dff94baae79981fb,asset_15c664563f87edc4eab94be3e21b6e763686d9ff379a24e8bbbf3c5568bbc9e2,ENSG00000000457,ENSG00000000457,ensembl_gene,,GSM5388275,A6,tximport_estimated_count,estimated_count,linear,false,false,2029.542,estimated_count,GSE178352_tximportCounts.txt,5,17,counts.A6,2029.542
rec_c5b224cfaf612943ac7dd807d2833241,ds_geo_gse178352,src_ac3f65715090fc35dff94baae79981fb,asset_15c664563f87edc4eab94be3e21b6e763686d9ff379a24e8bbbf3c5568bbc9e2,ENSG00000000457,ENSG00000000457,ensembl_gene,,GSM5388272,A7,tximport_estimated_count,estimated_count,linear,false,false,1746.428,estimated_count,GSE178352_tximportCounts.txt,5,18,counts.A7,1746.428
rec_2a187824a32e0f3550d50ce1cfa1c585,ds_geo_gse178352,src_ac3f65715090fc35dff94baae79981fb,asset_15c664563f87edc4eab94be3e21b6e763686d9ff379a24e8bbbf3c5568bbc9e2,ENSG00000000457,ENSG00000000457,ensembl_gene,,GSM5388276,B1,tximport_estimated_count,estimated_count,linear,false,false,468.593,estimated_count,GSE178352_tximportCounts.txt,5,19,counts.B1,468.593
rec_f0bc5654fc23100d3f807d2773194938,ds_geo_gse178352,src_ac3f65715090fc35dff94baae79981fb,asset_15c664563f87edc4eab94be3e21b6e763686d9ff379a24e8bbbf3c5568bbc9e2,ENSG00000000457,ENSG00000000457,ensembl_gene,,GSM5388277,B2,tximport_estimated_count,estimated_count,linear,false,false,437.999,estimated_count,GSE178352_tximportCounts.txt,5,20,counts.B2,437.999
rec_471b76efaf6e9bd0ea8a284c39c4634a,ds_geo_gse178352,src_ac3f65715090fc35dff94baae79981fb,asset_15c664563f87edc4eab94be3e21b6e763686d9ff379a24e8bbbf3c5568bbc9e2,ENSG00000000457,ENSG00000000457,ensembl_gene,,GSM5388278,B3,tximport_estimated_count,estimated_count,linear,false,false,406.241,estimated_count,GSE178352_tximportCounts.txt,5,21,counts.B3,406.241
rec_91b9c5a1492966831453f3e4eb8a1385,ds_geo_gse178352,src_ac3f65715090fc35dff94baae79981fb,asset_15c664563f87edc4eab94be3e21b6e763686d9ff379a24e8bbbf3c5568bbc9e2,ENSG00000000457,ENSG00000000457,ensembl_gene,,GSM5388279,B4,tximport_estimated_count,estimated_count,linear,false,false,1395.381,estimated_count,GSE178352_tximportCounts.txt,5,22,counts.B4,1395.381
rec_aef88e4666fd068a089b38c3a0de44a3,ds_geo_gse178352,src_ac3f65715090fc35dff94baae79981fb,asset_15c664563f87edc4eab94be3e21b6e763686d9ff379a24e8bbbf3c5568bbc9e2,ENSG00000000457,ENSG00000000457,ensembl_gene,,GSM5388280,B5,tximport_estimated_count,estimated_count,linear,false,false,739.248,estimated_count,GSE178352_tximportCounts.txt,5,23,counts.B5,739.248
rec_aadbe1a9b50e1a46536df984e2dd3a87,ds_geo_gse178352,src_ac3f65715090fc35dff94baae79981fb,asset_15c664563f87edc4eab94be3e21b6e763686d9ff379a24e8bbbf3c5568bbc9e2,ENSG00000000457,ENSG00000000457,ensembl_gene,,GSM5388281,B7,tximport_estimated_count,estimated_count,linear,false,false,338.689,estimated_count,GSE178352_tximportCounts.txt,5,24,counts.B7,338.689
